-- --------------------------------------------------------
-- Host:                         127.0.0.1
-- Versión del servidor:         8.0.30 - MySQL Community Server - GPL
-- SO del servidor:              Win64
-- HeidiSQL Versión:             12.1.0.6537
-- --------------------------------------------------------

/*!40101 SET @OLD_CHARACTER_SET_CLIENT=@@CHARACTER_SET_CLIENT */;
/*!40101 SET NAMES utf8 */;
/*!50503 SET NAMES utf8mb4 */;
/*!40103 SET @OLD_TIME_ZONE=@@TIME_ZONE */;
/*!40103 SET TIME_ZONE='+00:00' */;
/*!40014 SET @OLD_FOREIGN_KEY_CHECKS=@@FOREIGN_KEY_CHECKS, FOREIGN_KEY_CHECKS=0 */;
/*!40101 SET @OLD_SQL_MODE=@@SQL_MODE, SQL_MODE='NO_AUTO_VALUE_ON_ZERO' */;
/*!40111 SET @OLD_SQL_NOTES=@@SQL_NOTES, SQL_NOTES=0 */;


-- Volcando estructura de base de datos para app_salas
CREATE DATABASE IF NOT EXISTS `app_salas` /*!40100 DEFAULT CHARACTER SET utf8mb4 COLLATE utf8mb4_0900_ai_ci */ /*!80016 DEFAULT ENCRYPTION='N' */;
USE `app_salas`;

-- Volcando estructura para tabla app_salas.failed_jobs
CREATE TABLE IF NOT EXISTS `failed_jobs` (
  `id` bigint unsigned NOT NULL AUTO_INCREMENT,
  `uuid` varchar(255) COLLATE utf8mb4_unicode_ci NOT NULL,
  `connection` text COLLATE utf8mb4_unicode_ci NOT NULL,
  `queue` text COLLATE utf8mb4_unicode_ci NOT NULL,
  `payload` longtext COLLATE utf8mb4_unicode_ci NOT NULL,
  `exception` longtext COLLATE utf8mb4_unicode_ci NOT NULL,
  `failed_at` timestamp NOT NULL DEFAULT CURRENT_TIMESTAMP,
  PRIMARY KEY (`id`),
  UNIQUE KEY `failed_jobs_uuid_unique` (`uuid`)
) ENGINE=InnoDB DEFAULT CHARSET=utf8mb4 COLLATE=utf8mb4_unicode_ci;

-- Volcando datos para la tabla app_salas.failed_jobs: ~0 rows (aproximadamente)
DELETE FROM `failed_jobs`;

-- Volcando estructura para tabla app_salas.horarios_reservas
CREATE TABLE IF NOT EXISTS `horarios_reservas` (
  `id` bigint unsigned NOT NULL AUTO_INCREMENT,
  `fecha` datetime NOT NULL,
  `hora_inicio` time NOT NULL,
  `hora_fin` time NOT NULL,
  `fk_idReserva` bigint unsigned NOT NULL,
  `fk_idSala` bigint unsigned NOT NULL,
  `deleted_at` timestamp NULL DEFAULT NULL,
  `created_at` timestamp NULL DEFAULT NULL,
  `updated_at` timestamp NULL DEFAULT NULL,
  PRIMARY KEY (`id`),
  KEY `horarios_reservas_fk_idreserva_index` (`fk_idReserva`),
  KEY `horarios_reservas_fk_idsala_index` (`fk_idSala`)
) ENGINE=InnoDB AUTO_INCREMENT=24 DEFAULT CHARSET=utf8mb4 COLLATE=utf8mb4_unicode_ci;

-- Volcando datos para la tabla app_salas.horarios_reservas: ~20 rows (aproximadamente)
DELETE FROM `horarios_reservas`;
INSERT INTO `horarios_reservas` (`id`, `fecha`, `hora_inicio`, `hora_fin`, `fk_idReserva`, `fk_idSala`, `deleted_at`, `created_at`, `updated_at`) VALUES
	(1, '2025-04-16 00:00:00', '09:30:00', '10:00:00', 1, 1, '2025-04-15 13:14:03', '2025-04-15 12:40:29', '2025-04-15 13:14:03'),
	(2, '2025-04-17 00:00:00', '11:30:00', '12:00:00', 1, 1, '2025-04-15 13:14:03', '2025-04-15 12:40:29', '2025-04-15 13:14:03'),
	(3, '2025-04-16 00:00:00', '08:30:00', '09:30:00', 2, 1, '2025-04-16 16:03:02', '2025-04-15 12:19:23', '2025-04-16 16:03:02'),
	(4, '2025-04-17 00:00:00', '10:00:00', '11:00:00', 2, 1, '2025-04-16 16:03:02', '2025-04-15 12:19:23', '2025-04-16 16:03:02'),
	(5, '2025-04-16 00:00:00', '08:30:00', '09:30:00', 2, 4, '2025-04-16 16:03:57', '2025-04-16 16:03:02', '2025-04-16 16:03:57'),
	(6, '2025-04-17 00:00:00', '10:00:00', '11:00:00', 2, 4, '2025-04-16 16:03:57', '2025-04-16 16:03:02', '2025-04-16 16:03:57'),
	(7, '2025-04-16 00:00:00', '08:30:00', '09:30:00', 2, 5, '2025-04-21 12:13:31', '2025-04-16 16:03:57', '2025-04-21 12:13:31'),
	(8, '2025-04-17 00:00:00', '10:00:00', '11:00:00', 2, 5, '2025-04-21 12:13:31', '2025-04-16 16:03:57', '2025-04-21 12:13:31'),
	(9, '2025-04-22 00:00:00', '08:30:00', '09:30:00', 2, 5, '2025-04-21 12:13:54', '2025-04-21 12:13:31', '2025-04-21 12:13:54'),
	(10, '2025-04-22 00:00:00', '08:30:00', '09:30:00', 2, 5, '2025-04-21 12:13:54', '2025-04-21 12:13:31', '2025-04-21 12:13:54'),
	(11, '2025-04-22 00:00:00', '08:30:00', '09:30:00', 2, 5, NULL, '2025-04-21 12:13:54', '2025-04-21 12:13:54'),
	(12, '2025-04-21 00:00:00', '07:30:00', '16:30:00', 3, 5, '2025-04-21 17:50:09', '2025-04-21 17:49:56', '2025-04-21 17:50:09'),
	(13, '2025-04-21 00:00:00', '07:30:00', '16:30:00', 3, 5, NULL, '2025-04-21 17:50:09', '2025-04-21 17:50:09'),
	(14, '2025-04-21 00:00:00', '07:30:00', '16:30:00', 4, 6, '2025-04-21 18:53:05', '2025-04-21 18:52:53', '2025-04-21 18:53:05'),
	(15, '2025-04-21 00:00:00', '07:30:00', '16:30:00', 4, 6, NULL, '2025-04-21 18:53:05', '2025-04-21 18:53:05'),
	(16, '2025-04-21 00:00:00', '07:30:00', '16:00:00', 5, 11, '2025-04-21 19:45:11', '2025-04-21 19:17:35', '2025-04-21 19:45:11'),
	(17, '2025-04-21 00:00:00', '07:30:00', '16:00:00', 5, 11, NULL, '2025-04-21 19:45:11', '2025-04-21 19:45:11'),
	(18, '2025-04-24 00:00:00', '07:30:00', '16:00:00', 6, 6, NULL, '2025-04-21 20:38:33', '2025-04-21 20:38:33'),
	(19, '2025-04-23 00:00:00', '08:30:00', '09:30:00', 7, 5, '2025-04-22 15:48:08', '2025-04-22 13:34:09', '2025-04-22 15:48:08'),
	(20, '2025-04-23 00:00:00', '10:00:00', '11:00:00', 7, 5, '2025-04-22 15:48:08', '2025-04-22 13:34:09', '2025-04-22 15:48:08'),
	(21, '2025-04-23 00:00:00', '07:30:00', '09:30:00', 7, 5, NULL, '2025-04-22 15:48:08', '2025-04-22 15:48:08'),
	(22, '2025-04-23 00:00:00', '10:00:00', '11:00:00', 7, 5, NULL, '2025-04-22 15:48:08', '2025-04-22 15:48:08'),
	(23, '2025-04-28 00:00:00', '10:00:00', '11:30:00', 8, 5, NULL, '2025-04-24 15:20:42', '2025-04-24 15:20:42');

-- Volcando estructura para tabla app_salas.migrations
CREATE TABLE IF NOT EXISTS `migrations` (
  `id` int unsigned NOT NULL AUTO_INCREMENT,
  `migration` varchar(255) COLLATE utf8mb4_unicode_ci NOT NULL,
  `batch` int NOT NULL,
  PRIMARY KEY (`id`)
) ENGINE=InnoDB AUTO_INCREMENT=27 DEFAULT CHARSET=utf8mb4 COLLATE=utf8mb4_unicode_ci;

-- Volcando datos para la tabla app_salas.migrations: ~10 rows (aproximadamente)
DELETE FROM `migrations`;
INSERT INTO `migrations` (`id`, `migration`, `batch`) VALUES
	(5, '2025_03_20_135132_create_usuarios_table', 1),
	(9, '2025_03_21_145705_add_columns_to_users', 2),
	(18, '2014_10_12_000000_create_users_table', 3),
	(19, '2014_10_12_100000_create_password_reset_tokens_table', 3),
	(20, '2019_08_19_000000_create_failed_jobs_table', 3),
	(21, '2019_12_14_000001_create_personal_access_tokens_table', 3),
	(22, '2025_03_24_130025_create_reservas_table', 3),
	(23, '2025_03_24_132538_create_salas_table', 3),
	(24, '2025_04_02_134350_create_participantes_table', 3),
	(25, '2025_04_07_085010_create_horarios_reservas_table', 3),
	(26, '2025_04_15_083710_add_atributos_to_salas_table', 4);

-- Volcando estructura para tabla app_salas.participantes
CREATE TABLE IF NOT EXISTS `participantes` (
  `id` bigint unsigned NOT NULL AUTO_INCREMENT,
  `fk_idReserva` int NOT NULL,
  `fk_idUsuario` int NOT NULL,
  `deleted_at` timestamp NULL DEFAULT NULL,
  `created_at` timestamp NULL DEFAULT NULL,
  `updated_at` timestamp NULL DEFAULT NULL,
  PRIMARY KEY (`id`)
) ENGINE=InnoDB AUTO_INCREMENT=23 DEFAULT CHARSET=utf8mb4 COLLATE=utf8mb4_unicode_ci;

-- Volcando datos para la tabla app_salas.participantes: ~18 rows (aproximadamente)
DELETE FROM `participantes`;
INSERT INTO `participantes` (`id`, `fk_idReserva`, `fk_idUsuario`, `deleted_at`, `created_at`, `updated_at`) VALUES
	(1, 1, 1, '2025-04-15 13:14:03', '2025-04-15 12:40:29', '2025-04-15 13:14:03'),
	(2, 1, 1, NULL, '2025-04-15 13:14:03', '2025-04-15 13:14:03'),
	(3, 2, 1, '2025-04-16 16:03:02', '2025-04-15 12:19:23', '2025-04-16 16:03:02'),
	(4, 2, 1, '2025-04-16 16:03:57', '2025-04-16 16:03:02', '2025-04-16 16:03:57'),
	(5, 2, 1, '2025-04-21 12:13:31', '2025-04-16 16:03:57', '2025-04-21 12:13:31'),
	(6, 2, 1, '2025-04-21 12:13:54', '2025-04-21 12:13:31', '2025-04-21 12:13:54'),
	(7, 2, 1, NULL, '2025-04-21 12:13:54', '2025-04-21 12:13:54'),
	(8, 3, 1, '2025-04-21 17:50:09', '2025-04-21 17:49:56', '2025-04-21 17:50:09'),
	(9, 3, 2, '2025-04-21 17:50:09', '2025-04-21 17:49:56', '2025-04-21 17:50:09'),
	(10, 3, 1, NULL, '2025-04-21 17:50:09', '2025-04-21 17:50:09'),
	(11, 3, 2, NULL, '2025-04-21 17:50:09', '2025-04-21 17:50:09'),
	(12, 4, 1, '2025-04-21 18:53:05', '2025-04-21 18:52:53', '2025-04-21 18:53:05'),
	(13, 4, 1, NULL, '2025-04-21 18:53:05', '2025-04-21 18:53:05'),
	(14, 5, 1, '2025-04-21 19:45:11', '2025-04-21 19:17:35', '2025-04-21 19:45:11'),
	(15, 5, 1, NULL, '2025-04-21 19:45:11', '2025-04-21 19:45:11'),
	(16, 6, 1, NULL, '2025-04-21 20:38:33', '2025-04-21 20:38:33'),
	(17, 7, 2, '2025-04-22 15:48:08', '2025-04-22 13:34:09', '2025-04-22 15:48:08'),
	(18, 7, 2, NULL, '2025-04-22 15:48:08', '2025-04-22 15:48:08'),
	(19, 8, 1, NULL, '2025-04-24 15:20:42', '2025-04-24 15:20:42'),
	(20, 8, 2, NULL, '2025-04-24 15:20:42', '2025-04-24 15:20:42'),
	(21, 8, 3, NULL, '2025-04-24 15:20:42', '2025-04-24 15:20:42'),
	(22, 8, 5, NULL, '2025-04-24 15:20:42', '2025-04-24 15:20:42');

-- Volcando estructura para tabla app_salas.password_reset_tokens
CREATE TABLE IF NOT EXISTS `password_reset_tokens` (
  `email` varchar(255) COLLATE utf8mb4_unicode_ci NOT NULL,
  `token` varchar(255) COLLATE utf8mb4_unicode_ci NOT NULL,
  `created_at` timestamp NULL DEFAULT NULL,
  PRIMARY KEY (`email`)
) ENGINE=InnoDB DEFAULT CHARSET=utf8mb4 COLLATE=utf8mb4_unicode_ci;

-- Volcando datos para la tabla app_salas.password_reset_tokens: ~0 rows (aproximadamente)
DELETE FROM `password_reset_tokens`;

-- Volcando estructura para tabla app_salas.personal_access_tokens
CREATE TABLE IF NOT EXISTS `personal_access_tokens` (
  `id` bigint unsigned NOT NULL AUTO_INCREMENT,
  `tokenable_type` varchar(255) COLLATE utf8mb4_unicode_ci NOT NULL,
  `tokenable_id` bigint unsigned NOT NULL,
  `name` varchar(255) COLLATE utf8mb4_unicode_ci NOT NULL,
  `token` varchar(64) COLLATE utf8mb4_unicode_ci NOT NULL,
  `abilities` text COLLATE utf8mb4_unicode_ci,
  `last_used_at` timestamp NULL DEFAULT NULL,
  `expires_at` timestamp NULL DEFAULT NULL,
  `created_at` timestamp NULL DEFAULT NULL,
  `updated_at` timestamp NULL DEFAULT NULL,
  PRIMARY KEY (`id`),
  UNIQUE KEY `personal_access_tokens_token_unique` (`token`),
  KEY `personal_access_tokens_tokenable_type_tokenable_id_index` (`tokenable_type`,`tokenable_id`)
) ENGINE=InnoDB DEFAULT CHARSET=utf8mb4 COLLATE=utf8mb4_unicode_ci;

-- Volcando datos para la tabla app_salas.personal_access_tokens: ~0 rows (aproximadamente)
DELETE FROM `personal_access_tokens`;

-- Volcando estructura para tabla app_salas.reservas
CREATE TABLE IF NOT EXISTS `reservas` (
  `id` bigint unsigned NOT NULL AUTO_INCREMENT,
  `titulo` varchar(255) COLLATE utf8mb4_unicode_ci NOT NULL,
  `descripcion` varchar(255) COLLATE utf8mb4_unicode_ci NOT NULL,
  `tipoEvento` varchar(255) COLLATE utf8mb4_unicode_ci NOT NULL,
  `fk_idSala` int NOT NULL,
  `fk_idUsuario` int NOT NULL COMMENT 'relacion de usuario creador de la reserva',
  `deleted_at` timestamp NULL DEFAULT NULL,
  `created_at` timestamp NULL DEFAULT NULL,
  `updated_at` timestamp NULL DEFAULT NULL,
  PRIMARY KEY (`id`)
) ENGINE=InnoDB AUTO_INCREMENT=9 DEFAULT CHARSET=utf8mb4 COLLATE=utf8mb4_unicode_ci;

-- Volcando datos para la tabla app_salas.reservas: ~7 rows (aproximadamente)
DELETE FROM `reservas`;
INSERT INTO `reservas` (`id`, `titulo`, `descripcion`, `tipoEvento`, `fk_idSala`, `fk_idUsuario`, `deleted_at`, `created_at`, `updated_at`) VALUES
	(1, 'Prueba 2', 'Varias fechas. No agrega otra fecha', 'Reunión', 1, 1, '2025-04-15 13:15:26', '2025-04-15 12:40:29', '2025-04-15 13:15:26'),
	(2, 'prueba 3', 'varias fechas establecidas', 'Curso', 5, 1, NULL, '2025-04-15 12:19:23', '2025-04-16 16:03:57'),
	(3, 'prueba de reserva ajpc', 'prueba de reserva ajpc', 'Charla', 5, 2, NULL, '2025-04-21 17:49:56', '2025-04-21 17:50:09'),
	(4, 'lñ´lñ', 'lñ', 'Reunión', 6, 2, NULL, '2025-04-21 18:52:53', '2025-04-21 18:52:53'),
	(5, 'fgh', 'gh', 'Curso', 11, 2, NULL, '2025-04-21 19:17:35', '2025-04-21 19:17:35'),
	(6, '432', 'scvbnjh', 'Reunión', 6, 1, '2025-04-21 20:38:58', '2025-04-21 20:38:33', '2025-04-21 20:38:58'),
	(7, 'fghbgjhn', 'fytjtyj', 'Curso', 5, 1, NULL, '2025-04-22 13:34:09', '2025-04-22 13:34:09'),
	(8, 'prueba de reservas 15', 'prueba de reservas 15', 'Reunión', 5, 1, NULL, '2025-04-24 15:20:42', '2025-04-24 15:20:42');

-- Volcando estructura para tabla app_salas.salas
CREATE TABLE IF NOT EXISTS `salas` (
  `id` bigint unsigned NOT NULL AUTO_INCREMENT,
  `nombre` varchar(255) COLLATE utf8mb4_unicode_ci NOT NULL,
  `ubicacion` varchar(255) COLLATE utf8mb4_unicode_ci NOT NULL,
  `capacidad` varchar(255) COLLATE utf8mb4_unicode_ci NOT NULL,
  `status` varchar(255) COLLATE utf8mb4_unicode_ci NOT NULL,
  `horario_inicio` time NOT NULL,
  `horario_fin` time NOT NULL,
  `deleted_at` timestamp NULL DEFAULT NULL,
  `created_at` timestamp NULL DEFAULT NULL,
  `updated_at` timestamp NULL DEFAULT NULL,
  `atributos` text COLLATE utf8mb4_unicode_ci,
  PRIMARY KEY (`id`)
) ENGINE=InnoDB AUTO_INCREMENT=12 DEFAULT CHARSET=utf8mb4 COLLATE=utf8mb4_unicode_ci;

-- Volcando datos para la tabla app_salas.salas: ~8 rows (aproximadamente)
DELETE FROM `salas`;
INSERT INTO `salas` (`id`, `nombre`, `ubicacion`, `capacidad`, `status`, `horario_inicio`, `horario_fin`, `deleted_at`, `created_at`, `updated_at`, `atributos`) VALUES
	(4, 'hgyu', 'CCP', '7', 'Inhabilitada', '07:08:00', '19:08:00', '2025-04-21 12:50:55', '2025-04-15 13:07:59', '2025-04-21 12:50:55', '["Monitor","Aire Acondicionado"]'),
	(5, 'Sala RRHH', 'CCP', '10', 'Habilitada', '07:30:00', '16:30:00', NULL, '2025-04-16 16:03:45', '2025-04-16 16:03:45', '["Proyector","Video Conferencia"]'),
	(6, 'Sala principal', 'CCP', '20', 'Habilitada', '07:30:00', '16:30:00', NULL, '2025-04-21 12:51:30', '2025-04-21 12:51:30', '["Proyector","Monitor","Wifi","Bocinas"]'),
	(7, 'Sala 1', 'QE2', '15', 'Mantenimiento', '06:00:00', '17:30:00', NULL, '2025-04-21 12:11:56', '2025-04-21 12:21:31', '["Monitor","Video Conferencia"]'),
	(8, '345', 'QE2', '4', 'Habilitada', '04:54:00', '15:43:00', '2025-04-21 18:08:25', '2025-04-21 17:49:00', '2025-04-21 18:08:25', '["Proyector","Aire Acondicionado"]'),
	(9, 'ewr', 'QE2', '3', 'Habilitada', '03:44:00', '15:43:00', '2025-04-21 18:08:22', '2025-04-21 17:51:32', '2025-04-21 18:08:22', '["Proyector"]'),
	(10, 'df', 'CCP', '34', 'Habilitada', '03:43:00', '15:43:00', '2025-04-21 18:08:19', '2025-04-21 18:00:47', '2025-04-21 18:08:19', '["Proyector","Aire Acondicionado"]'),
	(11, '343', 'CCP', '34', 'Habilitada', '07:30:00', '16:30:00', NULL, '2025-04-21 18:12:01', '2025-04-21 18:12:01', '["Proyector"]');

-- Volcando estructura para tabla app_salas.users
CREATE TABLE IF NOT EXISTS `users` (
  `id` bigint unsigned NOT NULL AUTO_INCREMENT,
  `username` varchar(255) COLLATE utf8mb4_unicode_ci DEFAULT NULL,
  `nombre` varchar(255) COLLATE utf8mb4_unicode_ci DEFAULT NULL,
  `apellido` varchar(255) COLLATE utf8mb4_unicode_ci DEFAULT NULL,
  `ubicacion` varchar(255) COLLATE utf8mb4_unicode_ci DEFAULT NULL,
  `unidad_funcional` varchar(255) COLLATE utf8mb4_unicode_ci DEFAULT NULL,
  `departamento` varchar(255) COLLATE utf8mb4_unicode_ci DEFAULT NULL,
  `area` varchar(255) COLLATE utf8mb4_unicode_ci DEFAULT NULL,
  `cargo` varchar(255) COLLATE utf8mb4_unicode_ci DEFAULT NULL,
  `estatus` tinyint(1) NOT NULL DEFAULT '1' COMMENT 'por defecto activo 1, para inactivo 0',
  `rol` enum('admin','user') COLLATE utf8mb4_unicode_ci NOT NULL DEFAULT 'user',
  `email` varchar(255) COLLATE utf8mb4_unicode_ci NOT NULL,
  `password` varchar(255) CHARACTER SET utf8mb4 COLLATE utf8mb4_unicode_ci DEFAULT NULL,
  `email_verified_at` timestamp NULL DEFAULT NULL,
  `deleted_at` timestamp NULL DEFAULT NULL,
  `remember_token` varchar(100) COLLATE utf8mb4_unicode_ci DEFAULT NULL,
  `created_at` timestamp NULL DEFAULT NULL,
  `updated_at` timestamp NULL DEFAULT NULL,
  PRIMARY KEY (`id`),
  UNIQUE KEY `users_email_unique` (`email`)
) ENGINE=InnoDB AUTO_INCREMENT=118 DEFAULT CHARSET=utf8mb4 COLLATE=utf8mb4_unicode_ci;

-- Volcando datos para la tabla app_salas.users: ~117 rows (aproximadamente)
DELETE FROM `users`;
INSERT INTO `users` (`id`, `username`, `nombre`, `apellido`, `ubicacion`, `unidad_funcional`, `departamento`, `area`, `cargo`, `estatus`, `rol`, `email`, `password`, `email_verified_at`, `deleted_at`, `remember_token`, `created_at`, `updated_at`) VALUES
	(1, 'RIVASLJ', 'LUIS JOSÉ', 'RIVAS CÓRCEGA', NULL, '', NULL, NULL, NULL, 1, 'user', 'rivaslj@quiriquiregas.com', '$2y$12$wWVOsvFISeoViCyOxkW5rONA2jHBHTQTPTeSUSTc64CwGJOLAg7DC', NULL, NULL, NULL, '2025-04-11 14:56:57', '2025-04-24 12:31:17'),
	(2, 'PARRILLAAJ', 'ALEJANDRO JOSE', 'PARRILLA CORTEZ', NULL, NULL, NULL, NULL, NULL, 1, 'user', 'parrillaaj@quiriquiregas.com', '$2y$12$8T/wR3AS6mUCNznvuxTTneaWwTjcWy4vsJzkCXHuH3o/DzImZ/2iW', NULL, NULL, NULL, '2025-04-21 17:47:41', '2025-04-21 17:47:41'),
	(3, 'MARCHANLF', 'LUIS FELIPE', 'MARCHAN CARRASQUEL', NULL, NULL, NULL, NULL, NULL, 1, 'user', 'MARCHANLF@QUIRIQUIREGAS.COM', NULL, NULL, NULL, NULL, '2025-04-24 15:16:29', '2025-04-24 15:16:29'),
	(4, 'CARVAJALJD', 'JOSE DANIEL', 'CARVAJAL JIMENEZ', NULL, NULL, NULL, NULL, NULL, 1, 'user', 'CARVAJALJD@QUIRIQUIREGAS.COM', NULL, NULL, NULL, NULL, '2025-04-24 15:16:29', '2025-04-24 15:16:29'),
	(5, 'MARTINEZE', 'ENRIQUE ARTURO', 'MARTINEZ', NULL, NULL, NULL, NULL, NULL, 1, 'user', 'MARTINEZE@QUIRIQUIREGAS.COM', NULL, NULL, NULL, NULL, '2025-04-24 15:16:29', '2025-04-24 15:16:29'),
	(6, 'OPERADORESQQ', 'QQ', 'OPERADORES', NULL, NULL, NULL, NULL, NULL, 1, 'user', 'OPERADORESQQ@QUIRIQUIREGAS.COM', NULL, NULL, NULL, NULL, '2025-04-24 15:16:29', '2025-04-24 15:16:29'),
	(7, 'DIAZGC', 'GEAN CARLOS', 'DIAZ BRITO', NULL, NULL, NULL, NULL, NULL, 1, 'user', 'DIAZGC@QUIRIQUIREGAS.COM', NULL, NULL, NULL, NULL, '2025-04-24 15:16:29', '2025-04-24 15:16:29'),
	(8, 'GARCIAAA', 'ALFREDO ANTONIO', 'GARCIA', NULL, NULL, NULL, NULL, NULL, 1, 'user', 'GARCIAAA@QUIRIQUIREGAS.COM', NULL, NULL, NULL, NULL, '2025-04-24 15:16:29', '2025-04-24 15:16:29'),
	(9, 'GRATEROLJA', 'JHONY ALBERTO', 'GRATEROL TERAN', NULL, NULL, NULL, NULL, NULL, 1, 'user', 'GRATEROLJA@QUIRIQUIREGAS.COM', NULL, NULL, NULL, NULL, '2025-04-24 15:16:29', '2025-04-24 15:16:29'),
	(10, 'QUIJANODJ', 'DAVID JOSE', 'QUIJANO', NULL, NULL, NULL, NULL, NULL, 1, 'user', 'QUIJANODJ@QUIRIQUIREGAS.COM', NULL, NULL, NULL, NULL, '2025-04-24 15:16:29', '2025-04-24 15:16:29'),
	(11, 'ALVAREZRR', 'RONALD RAFAEL', 'ALVAREZ TORRE', NULL, NULL, NULL, NULL, NULL, 1, 'user', 'ALVAREZRR@QUIRIQUIREGAS.COM', NULL, NULL, NULL, NULL, '2025-04-24 15:16:29', '2025-04-24 15:16:29'),
	(12, 'GARCIAOD', 'ORLANDO DAVID', 'GARCIA PEREZ', NULL, NULL, NULL, NULL, NULL, 1, 'user', 'GARCIAOD@QUIRIQUIREGAS.COM', NULL, NULL, NULL, NULL, '2025-04-24 15:16:29', '2025-04-24 15:16:29'),
	(13, 'RIVASRI', 'RAUL ISAAC', 'RIVAS ZAPATA', NULL, NULL, NULL, NULL, NULL, 1, 'user', 'RIVASRI@QUIRIQUIREGAS.COM', NULL, NULL, NULL, NULL, '2025-04-24 15:16:29', '2025-04-24 15:16:29'),
	(14, 'AJMADYJ', 'YASER JOSE', 'AJMAD GUEVARA', NULL, NULL, NULL, NULL, NULL, 1, 'user', 'AJMADYJ@QUIRIQUIREGAS.COM', NULL, NULL, NULL, NULL, '2025-04-24 15:16:29', '2025-04-24 15:16:29'),
	(15, 'CEDENOFJ', 'FELIX JOSE', 'CEDEÑO CEDEÑO', NULL, NULL, NULL, NULL, NULL, 1, 'user', 'CEDENOFJ@QUIRIQUIREGAS.COM', NULL, NULL, NULL, NULL, '2025-04-24 15:16:29', '2025-04-24 15:16:29'),
	(16, 'CENTENOLS', 'LUIS SANTIAGO', 'CENTENO RAMIREZ', NULL, NULL, NULL, NULL, NULL, 1, 'user', 'CENTENOLS@QUIRIQUIREGAS.COM', NULL, NULL, NULL, NULL, '2025-04-24 15:16:29', '2025-04-24 15:16:29'),
	(17, 'DIAZCA', 'CHISTOPHER ALEXANDER', 'DIAZ', NULL, NULL, NULL, NULL, NULL, 1, 'user', 'DIAZCA@QUIRIQUIREGAS.COM', NULL, NULL, NULL, NULL, '2025-04-24 15:16:29', '2025-04-24 15:16:29'),
	(18, 'LARROQUELA', 'LUIS ALEXANDER', 'LARROQUE CHACON', NULL, NULL, NULL, NULL, NULL, 1, 'user', 'LARROQUELA@QUIRIQUIREGAS.COM', NULL, NULL, NULL, NULL, '2025-04-24 15:16:29', '2025-04-24 15:16:29'),
	(19, 'LYONSV', 'SIMON VICENTE', 'LYON CEDEÑO', NULL, NULL, NULL, NULL, NULL, 1, 'user', 'LYONSV@QUIRIQUIREGAS.COM', NULL, NULL, NULL, NULL, '2025-04-24 15:16:29', '2025-04-24 15:16:29'),
	(20, 'MEJIASEE', 'EDGAR EDUARDO', 'MEJIAS VILLAMIZAR', NULL, NULL, NULL, NULL, NULL, 1, 'user', 'MEJIASEE@QUIRIQUIREGAS.COM', NULL, NULL, NULL, NULL, '2025-04-24 15:16:29', '2025-04-24 15:16:29'),
	(21, 'MORENOLS', 'LY SANDRO', 'MORENO PINTO', NULL, NULL, NULL, NULL, NULL, 1, 'user', 'MORENOLS@QUIRIQUIREGAS.COM', NULL, NULL, NULL, NULL, '2025-04-24 15:16:29', '2025-04-24 15:16:29'),
	(22, 'RODRIGUEZGE', 'GABRIEL ERNESTO', 'RODRIGUEZ RONDON', NULL, NULL, NULL, NULL, NULL, 1, 'user', 'RODRIGUEZGE@QUIRIQUIREGAS.COM', NULL, NULL, NULL, NULL, '2025-04-24 15:16:29', '2025-04-24 15:16:29'),
	(23, 'RODRIGUEZCE', 'CARLOS ENRIQUE', 'RODRIGUEZ', NULL, NULL, NULL, NULL, NULL, 1, 'user', 'RODRIGUEZCE@QUIRIQUIREGAS.COM', NULL, NULL, NULL, NULL, '2025-04-24 15:16:29', '2025-04-24 15:16:29'),
	(24, 'TERESENJR', 'JULYNES REGINA', 'TERESEN OLIVEROS', NULL, NULL, NULL, NULL, NULL, 1, 'user', 'TERESENJR@QUIRIQUIREGAS.COM', NULL, NULL, NULL, NULL, '2025-04-24 15:16:29', '2025-04-24 15:16:29'),
	(25, 'TINEORJ', 'RONARD JOSE', 'TINEO HERNANDEZ', NULL, NULL, NULL, NULL, NULL, 1, 'user', 'TINEORJ@QUIRIQUIREGAS.COM', NULL, NULL, NULL, NULL, '2025-04-24 15:16:29', '2025-04-24 15:16:29'),
	(26, 'VILLALBADJ', 'DOUGLAS JESUS', 'VILLALBA RUIZ', NULL, NULL, NULL, NULL, NULL, 1, 'user', 'VILLALBADJ@QUIRIQUIREGAS.COM', NULL, NULL, NULL, NULL, '2025-04-24 15:16:29', '2025-04-24 15:16:29'),
	(27, 'ZAPATAAJ', 'ARMANDO JOSE', 'ZAPATA FIGUEROA', NULL, NULL, NULL, NULL, NULL, 1, 'user', 'ZAPATAAJ@QUIRIQUIREGAS.COM', NULL, NULL, NULL, NULL, '2025-04-24 15:16:29', '2025-04-24 15:16:29'),
	(28, 'SALAGENERALQE2', 'SALA GENERAL', 'QE2', NULL, NULL, NULL, NULL, NULL, 1, 'user', 'SALAGENERALQE2@QUIRIQUIREGAS.COM', NULL, NULL, NULL, NULL, '2025-04-24 15:16:30', '2025-04-24 15:16:30'),
	(29, 'Urbanejayj', 'YORVIN JOSE', 'URBANEJA FARIAS', NULL, NULL, NULL, NULL, NULL, 1, 'user', 'Urbanejayj@QUIRIQUIREGAS.COM', NULL, NULL, NULL, NULL, '2025-04-24 15:16:30', '2025-04-24 15:16:30'),
	(30, 'MENDEZJC', 'JEAN CARLOS', 'MENDEZ MARCANO', NULL, NULL, NULL, NULL, NULL, 1, 'user', 'MENDEZJC@QUIRIQUIREGAS.COM', NULL, NULL, NULL, NULL, '2025-04-24 15:16:30', '2025-04-24 15:16:30'),
	(31, 'CABELLOPJ', 'PEDRO JOSE', 'CABELLO LOPEZ', NULL, NULL, NULL, NULL, NULL, 1, 'user', 'CABELLOPJ@QUIRIQUIREGAS.COM', NULL, NULL, NULL, NULL, '2025-04-24 15:16:30', '2025-04-24 15:16:30'),
	(32, 'ARAGUAYANYV', 'YARITZA', 'ARAGUAYAN CEDEÑO', NULL, NULL, NULL, NULL, NULL, 1, 'user', 'ARAGUAYANYV@QUIRIQUIREGAS.COM', NULL, NULL, NULL, NULL, '2025-04-24 15:16:30', '2025-04-24 15:16:30'),
	(33, 'GARCIADE', 'DONNY EDGARDO', 'GARCIA MARTINEZ', NULL, NULL, NULL, NULL, NULL, 1, 'user', 'GARCIADE@QUIRIQUIREGAS.COM', NULL, NULL, NULL, NULL, '2025-04-24 15:16:30', '2025-04-24 15:16:30'),
	(34, 'garciajl', 'JORGE LUIS', 'GARCIA VILLAHERMOSA', NULL, NULL, NULL, NULL, NULL, 1, 'user', 'garciajl@QUIRIQUIREGAS.COM', NULL, NULL, NULL, NULL, '2025-04-24 15:16:30', '2025-04-24 15:16:30'),
	(35, 'RODRIGUEZDA', 'DEIVI ALEJANDRO', 'RODRIGUEZ', NULL, NULL, NULL, NULL, NULL, 1, 'user', 'RODRIGUEZDA@QUIRIQUIREGAS.COM', NULL, NULL, NULL, NULL, '2025-04-24 15:16:30', '2025-04-24 15:16:30'),
	(36, 'LEZAMALA', 'LUIS ALEXANDER', 'LEZAMA', NULL, NULL, NULL, NULL, NULL, 1, 'user', 'LEZAMALA@QUIRIQUIREGAS.COM', NULL, NULL, NULL, NULL, '2025-04-24 15:16:30', '2025-04-24 15:16:30'),
	(37, 'GONZALEZSM', 'GONZALEZ RODRIGUEZ, STEPHANI', 'GONZALEZ RODRIGUEZ', NULL, NULL, NULL, NULL, NULL, 1, 'user', 'GONZALEZSM@QUIRIQUIREGAS.COM', NULL, NULL, NULL, NULL, '2025-04-24 15:16:30', '2025-04-24 15:16:30'),
	(38, 'DEPINOCJ', 'CUSTODIO JOSE', 'DE PIÑO BRITO', NULL, NULL, NULL, NULL, NULL, 1, 'user', 'DEPINOCJ@QUIRIQUIREGAS.COM', NULL, NULL, NULL, NULL, '2025-04-24 15:16:30', '2025-04-24 15:16:30'),
	(39, 'CABEZAAJ', 'ALBERTO JOSE', 'CABEZA VAZQUEZ', NULL, NULL, NULL, NULL, NULL, 1, 'user', 'CABEZAAJ@QUIRIQUIREGAS.COM', NULL, NULL, NULL, NULL, '2025-04-24 15:16:30', '2025-04-24 15:16:30'),
	(40, 'SALAGENERALCCP', 'SALA GENERAL', 'CCP', NULL, NULL, NULL, NULL, NULL, 1, 'user', 'SALAGENERALCCP@QUIRIQUIREGAS.COM', NULL, NULL, NULL, NULL, '2025-04-24 15:16:30', '2025-04-24 15:16:30'),
	(41, 'SALAVIPQE2', 'SALA VIP', 'QE2', NULL, NULL, NULL, NULL, NULL, 1, 'user', 'SALAVIPQE2@QUIRIQUIREGAS.COM', NULL, NULL, NULL, NULL, '2025-04-24 15:16:30', '2025-04-24 15:16:30'),
	(42, 'VALERAVK', 'VIADCELIS KRISTINNA', 'VALERA LEAL', NULL, NULL, NULL, NULL, NULL, 1, 'user', 'VALERAVK@QUIRIQUIREGAS.COM', NULL, NULL, NULL, NULL, '2025-04-24 15:16:30', '2025-04-24 15:16:30'),
	(43, 'Martinezra', 'Roger Alexander', 'Martínez Salazar', NULL, NULL, NULL, NULL, NULL, 1, 'user', 'Martinezra@QUIRIQUIREGAS.COM', NULL, NULL, NULL, NULL, '2025-04-24 15:16:30', '2025-04-24 15:16:30'),
	(44, 'LOPEZJA', 'JULIAN AGUSTIN', 'LOPEZ SEIJAS', NULL, NULL, NULL, NULL, NULL, 1, 'user', 'LOPEZJA@QUIRIQUIREGAS.COM', NULL, NULL, NULL, NULL, '2025-04-24 15:16:30', '2025-04-24 15:16:30'),
	(45, 'SABOLLAGC', 'GRISALIDA COROMOTO', 'SABOLLA', NULL, NULL, NULL, NULL, NULL, 1, 'user', 'SABOLLAGC@QUIRIQUIREGAS.COM', NULL, NULL, NULL, NULL, '2025-04-24 15:16:30', '2025-04-24 15:16:30'),
	(46, 'cedenodv', 'DARYILET VALENTINA', 'CEDEÑO AJMAD', NULL, NULL, NULL, NULL, NULL, 1, 'user', 'cedenodv@QUIRIQUIREGAS.COM', NULL, NULL, NULL, NULL, '2025-04-24 15:16:30', '2025-04-24 15:16:30'),
	(47, 'RODRIGUEZEA', 'ESTELLER AMADO', 'RODRIGUEZ MEDRANO', NULL, NULL, NULL, NULL, NULL, 1, 'user', 'RODRIGUEZEA@QUIRIQUIREGAS.COM', NULL, NULL, NULL, NULL, '2025-04-24 15:16:30', '2025-04-24 15:16:30'),
	(48, 'PERNIAPA', 'PEDRO ALEJANDRO', 'PERNIA HENRIQUEZ', NULL, NULL, NULL, NULL, NULL, 1, 'user', 'PERNIAPA@QUIRIQUIREGAS.COM', NULL, NULL, NULL, NULL, '2025-04-24 15:16:30', '2025-04-24 15:16:30'),
	(49, 'ALCANTARAYD', 'YULE DAVID', 'ALCANTARA URBANEJA', NULL, NULL, NULL, NULL, NULL, 1, 'user', 'ALCANTARAYD@QUIRIQUIREGAS.COM', NULL, NULL, NULL, NULL, '2025-04-24 15:16:30', '2025-04-24 15:16:30'),
	(50, 'ALIENDRESAR', 'ALEXANDER RAFAEL', 'ALIENDRES MARQUEZ', NULL, NULL, NULL, NULL, NULL, 1, 'user', 'ALIENDRESAR@QUIRIQUIREGAS.COM', NULL, NULL, NULL, NULL, '2025-04-24 15:16:30', '2025-04-24 15:16:30'),
	(51, 'BASTARDOEM', 'EDUARDO MANUEL', 'BASTARDO BRITO', NULL, NULL, NULL, NULL, NULL, 1, 'user', 'BASTARDOEM@QUIRIQUIREGAS.COM', NULL, NULL, NULL, NULL, '2025-04-24 15:16:30', '2025-04-24 15:16:30'),
	(52, 'GUZMANJM', 'JHOANNA MERCEDES', 'GUZMAN', NULL, NULL, NULL, NULL, NULL, 1, 'user', 'GUZMANJM@QUIRIQUIREGAS.COM', NULL, NULL, NULL, NULL, '2025-04-24 15:16:30', '2025-04-24 15:16:30'),
	(53, 'ldap', 'Consulta', 'Correo', NULL, NULL, NULL, NULL, NULL, 1, 'user', 'ldap@QUIRIQUIREGAS.COM', NULL, NULL, NULL, NULL, '2025-04-24 15:16:30', '2025-04-24 15:16:30'),
	(54, 'PENAD', 'DIEGO', 'PEÑA BRAVO', NULL, NULL, NULL, NULL, NULL, 1, 'user', 'PENAD@QUIRIQUIREGAS.COM', NULL, NULL, NULL, NULL, '2025-04-24 15:16:30', '2025-04-24 15:16:30'),
	(55, 'RODRIGUEZFA', 'FREDDY ANTONIO', 'RODRIGUEZ BERMUDEZ', NULL, NULL, NULL, NULL, NULL, 1, 'user', 'RODRIGUEZFA@QUIRIQUIREGAS.COM', NULL, NULL, NULL, NULL, '2025-04-24 15:16:30', '2025-04-24 15:16:30'),
	(56, 'RODRIGUEZJJ', 'JONATHAN JAVIER', 'RODRIGUEZ BLANCO', NULL, NULL, NULL, NULL, NULL, 1, 'user', 'RODRIGUEZJJ@QUIRIQUIREGAS.COM', NULL, NULL, NULL, NULL, '2025-04-24 15:16:30', '2025-04-24 15:16:30'),
	(57, 'URBINALS', 'LUIS SIMON', 'URBINA MARTINEZ', NULL, NULL, NULL, NULL, NULL, 1, 'user', 'URBINALS@QUIRIQUIREGAS.COM', NULL, NULL, NULL, NULL, '2025-04-24 15:16:30', '2025-04-24 15:16:30'),
	(58, 'Britofa', 'FRANKLINS ANDRES', 'BRITO MARCANO', NULL, NULL, NULL, NULL, NULL, 1, 'user', 'Britofa@QUIRIQUIREGAS.COM', NULL, NULL, NULL, NULL, '2025-04-24 15:16:30', '2025-04-24 15:16:30'),
	(59, 'FIGUEROAGD', 'GRIMARLYS DEL VALLE', 'FIGUEROA BRITO', NULL, NULL, NULL, NULL, NULL, 1, 'user', 'FIGUEROAGD@QUIRIQUIREGAS.COM', NULL, NULL, NULL, NULL, '2025-04-24 15:16:30', '2025-04-24 15:16:30'),
	(60, 'DAVILAJB', 'JESUS BLADIMIR', 'DAVILA CONTRERAS', NULL, NULL, NULL, NULL, NULL, 1, 'user', 'DAVILAJB@QUIRIQUIREGAS.COM', NULL, NULL, NULL, NULL, '2025-04-24 15:16:30', '2025-04-24 15:16:30'),
	(61, 'BASTARDOMJ', 'MANUEL JOSE', 'BASTARDO ORTIZ', NULL, NULL, NULL, NULL, NULL, 1, 'user', 'BASTARDOMJ@QUIRIQUIREGAS.COM', NULL, NULL, NULL, NULL, '2025-04-24 15:16:30', '2025-04-24 15:16:30'),
	(62, 'LINARESVM', 'VICTOR MANUEL', 'LINARES FIGUEREDO', NULL, NULL, NULL, NULL, NULL, 1, 'user', 'LINARESVM@QUIRIQUIREGAS.COM', NULL, NULL, NULL, NULL, '2025-04-24 15:16:30', '2025-04-24 15:16:30'),
	(63, 'RANGELME', 'MARIA EUGENIA', 'RANGEL MAURERA', NULL, NULL, NULL, NULL, NULL, 1, 'user', 'RANGELME@QUIRIQUIREGAS.COM', NULL, NULL, NULL, NULL, '2025-04-24 15:16:31', '2025-04-24 15:16:31'),
	(64, 'LISBOAPR', 'PASCUAL RAFAE', 'LISBOA RAMIREZ', NULL, NULL, NULL, NULL, NULL, 1, 'user', 'LISBOAPR@QUIRIQUIREGAS.COM', NULL, NULL, NULL, NULL, '2025-04-24 15:16:31', '2025-04-24 15:16:31'),
	(65, 'millanlj', 'LUIS JAVIER', 'MILLAN GAMARDO', NULL, NULL, NULL, NULL, NULL, 1, 'user', 'millanlj@QUIRIQUIREGAS.COM', NULL, NULL, NULL, NULL, '2025-04-24 15:16:31', '2025-04-24 15:16:31'),
	(66, 'PRESIDENCIAQQGAS', 'PRESIDENCIA', 'QUIRIQUIRE GAS S.A.', NULL, NULL, NULL, NULL, NULL, 1, 'user', 'PRESIDENCIAQQGAS@QUIRIQUIREGAS.COM', NULL, NULL, NULL, NULL, '2025-04-24 15:16:31', '2025-04-24 15:16:31'),
	(67, 'SIFONTESMJ', 'MARYELIS JOSE', 'SIFONTES OLIVERO', NULL, NULL, NULL, NULL, NULL, 1, 'user', 'SIFONTESMJ@QUIRIQUIREGAS.COM', NULL, NULL, NULL, NULL, '2025-04-24 15:16:31', '2025-04-24 15:16:31'),
	(68, 'AROCHAAG', 'ANDRES GABRIEL', 'AROCHA BAQUERO', NULL, NULL, NULL, NULL, NULL, 1, 'user', 'AROCHAAG@QUIRIQUIREGAS.COM', NULL, NULL, NULL, NULL, '2025-04-24 15:16:31', '2025-04-24 15:16:31'),
	(69, 'MARQUEZPJ', 'PABLO JOSE', 'MARQUEZ DOMINGUEZ', NULL, NULL, NULL, NULL, NULL, 1, 'user', 'MARQUEZPJ@QUIRIQUIREGAS.COM', NULL, NULL, NULL, NULL, '2025-04-24 15:16:31', '2025-04-24 15:16:31'),
	(70, 'SANABRIAMJ', 'MABELA JOSEFINA', 'SANABRIA FERMIN', NULL, NULL, NULL, NULL, NULL, 1, 'user', 'SANABRIAMJ@QUIRIQUIREGAS.COM', NULL, NULL, NULL, NULL, '2025-04-24 15:16:31', '2025-04-24 15:16:31'),
	(71, 'FLORESA', 'ADALMARYS', 'FLORES JIMENEZ', NULL, NULL, NULL, NULL, NULL, 1, 'user', 'FLORESA@QUIRIQUIREGAS.COM', NULL, NULL, NULL, NULL, '2025-04-24 15:16:31', '2025-04-24 15:16:31'),
	(72, 'PULIDOGA', 'GABRIEL ANTONIO', 'PULIDO GUERRA', NULL, NULL, NULL, NULL, NULL, 1, 'user', 'PULIDOGA@QUIRIQUIREGAS.COM', NULL, NULL, NULL, NULL, '2025-04-24 15:16:31', '2025-04-24 15:16:31'),
	(73, 'REQUENAJA', 'JOSE ANGEL', 'REQUENA CEDEÑO', NULL, NULL, NULL, NULL, NULL, 1, 'user', 'REQUENAJA@QUIRIQUIREGAS.COM', NULL, NULL, NULL, NULL, '2025-04-24 15:16:31', '2025-04-24 15:16:31'),
	(74, 'MARINJA', 'JAVIER ALEJANDRO', 'MARIN PEREZ', NULL, NULL, NULL, NULL, NULL, 1, 'user', 'MARINJA@QUIRIQUIREGAS.COM', NULL, NULL, NULL, NULL, '2025-04-24 15:16:31', '2025-04-24 15:16:31'),
	(75, 'CARVAJALAV', 'AURA DEL VALLE', 'CARVAJAL PERDOMO', NULL, NULL, NULL, NULL, NULL, 1, 'user', 'CARVAJALAV@QUIRIQUIREGAS.COM', NULL, NULL, NULL, NULL, '2025-04-24 15:16:31', '2025-04-24 15:16:31'),
	(76, 'GONZALEZSZ', 'SARAHIL ZORAIDA', 'GONZALEZ VILLARROEL', NULL, NULL, NULL, NULL, NULL, 1, 'user', 'GONZALEZSZ@QUIRIQUIREGAS.COM', NULL, NULL, NULL, NULL, '2025-04-24 15:16:31', '2025-04-24 15:16:31'),
	(77, 'NUNEZYC', 'YENNY CAROLINA', 'NUÑEZ GUATARASMA', NULL, NULL, NULL, NULL, NULL, 1, 'user', 'NUNEZYC@QUIRIQUIREGAS.COM', NULL, NULL, NULL, NULL, '2025-04-24 15:16:31', '2025-04-24 15:16:31'),
	(78, 'ROJASME', 'MARIA ELENA', 'ROJAS CABELLO', NULL, NULL, NULL, NULL, NULL, 1, 'user', 'ROJASME@QUIRIQUIREGAS.COM', NULL, NULL, NULL, NULL, '2025-04-24 15:16:31', '2025-04-24 15:16:31'),
	(79, 'AGREDAHA', 'HECTOR ALONSO', 'AGREDA MARTINEZ', NULL, NULL, NULL, NULL, NULL, 1, 'user', 'AGREDAHA@QUIRIQUIREGAS.COM', NULL, NULL, NULL, NULL, '2025-04-24 15:16:31', '2025-04-24 15:16:31'),
	(80, 'CAIRORA', 'RAMON ANTONIO', 'CAIRO', NULL, NULL, NULL, NULL, NULL, 1, 'user', 'CAIRORA@QUIRIQUIREGAS.COM', NULL, NULL, NULL, NULL, '2025-04-24 15:16:31', '2025-04-24 15:16:31'),
	(81, 'GARCIAWA', 'WILLIAM ANTONIO', 'GARCIA BRICEÑO', NULL, NULL, NULL, NULL, NULL, 1, 'user', 'GARCIAWA@QUIRIQUIREGAS.COM', NULL, NULL, NULL, NULL, '2025-04-24 15:16:31', '2025-04-24 15:16:31'),
	(82, 'NUNEZLF', 'LUIS FELIPE', 'NUÑEZ GARCIA', NULL, NULL, NULL, NULL, NULL, 1, 'user', 'NUNEZLF@QUIRIQUIREGAS.COM', NULL, NULL, NULL, NULL, '2025-04-24 15:16:31', '2025-04-24 15:16:31'),
	(83, 'PARRAR', 'RUBEN ALEJANDRO', 'PARRA OROCOPEY', NULL, NULL, NULL, NULL, NULL, 1, 'user', 'PARRAR@QUIRIQUIREGAS.COM', NULL, NULL, NULL, NULL, '2025-04-24 15:16:31', '2025-04-24 15:16:31'),
	(84, 'LEONNJ', 'NAIROBYS JOSE', 'LEON ACEVEDO', NULL, NULL, NULL, NULL, NULL, 1, 'user', 'LEONNJ@QUIRIQUIREGAS.COM', NULL, NULL, NULL, NULL, '2025-04-24 15:16:31', '2025-04-24 15:16:31'),
	(85, 'RODRIGUEZNM', 'NEILITH MILAGROS', 'RODRIGUEZ BONETT', NULL, NULL, NULL, NULL, NULL, 1, 'user', 'RODRIGUEZNM@QUIRIQUIREGAS.COM', NULL, NULL, NULL, NULL, '2025-04-24 15:16:31', '2025-04-24 15:16:31'),
	(86, 'LOPEZWA', 'WILMER ALONZO', 'LOPEZ GONZALEZ', NULL, NULL, NULL, NULL, NULL, 1, 'user', 'LOPEZWA@QUIRIQUIREGAS.COM', NULL, NULL, NULL, NULL, '2025-04-24 15:16:31', '2025-04-24 15:16:31'),
	(87, 'QUIJADADA', 'DOUGLAS ALEJANDRO', 'QUIJADA VALDERRAMA', NULL, NULL, NULL, NULL, NULL, 1, 'user', 'QUIJADADA@QUIRIQUIREGAS.COM', NULL, NULL, NULL, NULL, '2025-04-24 15:16:31', '2025-04-24 15:16:31'),
	(88, 'MARINDE', 'DARLYS ELOIDYS', 'MARIN GONZALEZ', NULL, NULL, NULL, NULL, NULL, 1, 'user', 'MARINDE@QUIRIQUIREGAS.COM', NULL, NULL, NULL, NULL, '2025-04-24 15:16:31', '2025-04-24 15:16:31'),
	(89, 'GARCIAVA', 'VICTOR ALFREDO', 'GARCIA ALFONZO', NULL, NULL, NULL, NULL, NULL, 1, 'user', 'GARCIAVA@QUIRIQUIREGAS.COM', NULL, NULL, NULL, NULL, '2025-04-24 15:16:31', '2025-04-24 15:16:31'),
	(90, 'RIVEROJA', 'JOSE ALBERTO', 'RIVERO GONZALEZ', NULL, NULL, NULL, NULL, NULL, 1, 'user', 'RIVEROJA@QUIRIQUIREGAS.COM', NULL, NULL, NULL, NULL, '2025-04-24 15:16:31', '2025-04-24 15:16:31'),
	(91, 'RUIZKA', 'KAREN ANDREINA', 'RUIZ VIDAL', NULL, NULL, NULL, NULL, NULL, 1, 'user', 'RUIZKA@QUIRIQUIREGAS.COM', NULL, NULL, NULL, NULL, '2025-04-24 15:16:31', '2025-04-24 15:16:31'),
	(92, 'ROMEROLA', 'LEONARD ALEXANDER', 'ROMERO SILVA', NULL, NULL, NULL, NULL, NULL, 1, 'user', 'ROMEROLA@QUIRIQUIREGAS.COM', NULL, NULL, NULL, NULL, '2025-04-24 15:16:31', '2025-04-24 15:16:31'),
	(93, 'ALVAREZME', 'MARIA EUGENIA', 'ALVAREZ SERRANO', NULL, NULL, NULL, NULL, NULL, 1, 'user', 'ALVAREZME@QUIRIQUIREGAS.COM', NULL, NULL, NULL, NULL, '2025-04-24 15:16:31', '2025-04-24 15:16:31'),
	(94, 'HERNANDEZLJ', 'LISANDRO JESUS', 'HERNANDEZ MEDRANO', NULL, NULL, NULL, NULL, NULL, 1, 'user', 'HERNANDEZLJ@QUIRIQUIREGAS.COM', NULL, NULL, NULL, NULL, '2025-04-24 15:16:31', '2025-04-24 15:16:31'),
	(95, 'SALAZARTD', 'THAIDYS', 'SALAZAR SALAZAR', NULL, NULL, NULL, NULL, NULL, 1, 'user', 'SALAZARTD@QUIRIQUIREGAS.COM', NULL, NULL, NULL, NULL, '2025-04-24 15:16:31', '2025-04-24 15:16:31'),
	(96, 'DELAROSALC', 'LUBETHY CAROLINA', 'DE LA ROSA HERNANDEZ', NULL, NULL, NULL, NULL, NULL, 1, 'user', 'DELAROSALC@QUIRIQUIREGAS.COM', NULL, NULL, NULL, NULL, '2025-04-24 15:16:31', '2025-04-24 15:16:31'),
	(97, 'NAVASPK', 'PATRICIA KATYANA', 'NAVAS ZAMORA', NULL, NULL, NULL, NULL, NULL, 1, 'user', 'NAVASPK@QUIRIQUIREGAS.COM', NULL, NULL, NULL, NULL, '2025-04-24 15:16:32', '2025-04-24 15:16:32'),
	(98, 'SOLORZANOCA', 'CARMEN ANTONIA', 'SOLORZANO PEREZ', NULL, NULL, NULL, NULL, NULL, 1, 'user', 'SOLORZANOCA@QUIRIQUIREGAS.COM', NULL, NULL, NULL, NULL, '2025-04-24 15:16:32', '2025-04-24 15:16:32'),
	(99, 'RAMIREZJD', 'JOSELENA DEL VALLE', 'RAMIREZ PERARNAU', NULL, NULL, NULL, NULL, NULL, 1, 'user', 'RAMIREZJD@QUIRIQUIREGAS.COM', NULL, NULL, NULL, NULL, '2025-04-24 15:16:32', '2025-04-24 15:16:32'),
	(100, 'SOUQUETTSD', 'SAIRUBYS DAYANA', 'SOUQUETT LICETT', NULL, NULL, NULL, NULL, NULL, 1, 'user', 'SOUQUETTSD@QUIRIQUIREGAS.COM', NULL, NULL, NULL, NULL, '2025-04-24 15:16:32', '2025-04-24 15:16:32'),
	(101, 'PARDOMD', 'MARIYELI DEL VALLE', 'PARDO CAMPOS', NULL, NULL, NULL, NULL, NULL, 1, 'user', 'PARDOMD@QUIRIQUIREGAS.COM', NULL, NULL, NULL, NULL, '2025-04-24 15:16:32', '2025-04-24 15:16:32'),
	(102, 'RODULFORA', 'RODOLFO ANTONIO', 'RODULFO RANGEL', NULL, NULL, NULL, NULL, NULL, 1, 'user', 'RODULFORA@QUIRIQUIREGAS.COM', NULL, NULL, NULL, NULL, '2025-04-24 15:16:32', '2025-04-24 15:16:32'),
	(103, 'HERNANDEZNA', 'NELSON AGUSTIN', 'HERNANDEZ GONZALEZ', NULL, NULL, NULL, NULL, NULL, 1, 'user', 'HERNANDEZNA@QUIRIQUIREGAS.COM', NULL, NULL, NULL, NULL, '2025-04-24 15:16:32', '2025-04-24 15:16:32'),
	(104, 'HERNANDEZCA', 'CARLOS ALBERTO', 'HERNANDEZ ROMERO', NULL, NULL, NULL, NULL, NULL, 1, 'user', 'HERNANDEZCA@QUIRIQUIREGAS.COM', NULL, NULL, NULL, NULL, '2025-04-24 15:16:32', '2025-04-24 15:16:32'),
	(105, 'DAMASOJ', 'ORLANDO JOSE', 'ORLANDO JOSE', NULL, NULL, NULL, NULL, NULL, 1, 'user', 'DAMASOJ@QUIRIQUIREGAS.COM', NULL, NULL, NULL, NULL, '2025-04-24 15:16:32', '2025-04-24 15:16:32'),
	(106, 'MARTINEZEA', 'EUDIS ANDRES', 'MARTINEZ CAMACHO', NULL, NULL, NULL, NULL, NULL, 1, 'user', 'MARTINEZEA@QUIRIQUIREGAS.COM', NULL, NULL, NULL, NULL, '2025-04-24 15:16:32', '2025-04-24 15:16:32'),
	(107, 'JDIRECTIVAQQGAS', 'JUNTA DIRECTIVA', 'QUIRIQUIRE GAS S.A.', NULL, NULL, NULL, NULL, NULL, 1, 'user', 'JDIRECTIVAQQGAS@QUIRIQUIREGAS.COM', NULL, NULL, NULL, NULL, '2025-04-24 15:16:32', '2025-04-24 15:16:32'),
	(108, 'HERNANDEZM', 'MARYBELL', 'HERNANDEZ MARTINEZ', NULL, NULL, NULL, NULL, NULL, 1, 'user', 'HERNANDEZM@QUIRIQUIREGAS.COM', NULL, NULL, NULL, NULL, '2025-04-24 15:16:32', '2025-04-24 15:16:32'),
	(109, 'CONTRERASYR', 'YOANA ROSALIA', 'CONTRERAS MORENO', NULL, NULL, NULL, NULL, NULL, 1, 'user', 'CONTRERASYR@QUIRIQUIREGAS.COM', NULL, NULL, NULL, NULL, '2025-04-24 15:16:32', '2025-04-24 15:16:32'),
	(110, 'ALVAREZGA', 'GERARDO ANDRÉS', 'ÁLVAREZ TORRES', NULL, NULL, NULL, NULL, NULL, 1, 'user', 'ALVAREZGA@QUIRIQUIREGAS.COM', NULL, NULL, NULL, NULL, '2025-04-24 15:16:32', '2025-04-24 15:16:32'),
	(111, 'ARCIANJ', 'NATASHA DEL JESÚS', 'ARCIA DI LORENZO', NULL, NULL, NULL, NULL, NULL, 1, 'user', 'ARCIANJ@QUIRIQUIREGAS.COM', NULL, NULL, NULL, NULL, '2025-04-24 15:16:32', '2025-04-24 15:16:32'),
	(112, 'OLIVEROSRJ', 'RONALD JOSE', 'OLIVEROS JIMENEZ', NULL, NULL, NULL, NULL, NULL, 1, 'user', 'OLIVEROSRJ@QUIRIQUIREGAS.COM', NULL, NULL, NULL, NULL, '2025-04-24 15:16:32', '2025-04-24 15:16:32'),
	(113, 'YANEZCA', 'YANEZCA', 'YÁNEZ GONZALEZ', NULL, NULL, NULL, NULL, NULL, 1, 'user', 'YANEZCA@QUIRIQUIREGAS.COM', NULL, NULL, NULL, NULL, '2025-04-24 15:16:32', '2025-04-24 15:16:32'),
	(114, 'garciaga', 'GILBERTO ALFREDO', 'GARCÍA RIVAS', NULL, NULL, NULL, NULL, NULL, 1, 'user', 'garciaga@QUIRIQUIREGAS.COM', NULL, NULL, NULL, NULL, '2025-04-24 15:16:32', '2025-04-24 15:16:32'),
	(115, 'GOMEZLF', 'LUIS FERNANDO', 'GOMEZ ASTUDILLO', NULL, NULL, NULL, NULL, NULL, 1, 'user', 'GOMEZLF@QUIRIQUIREGAS.COM', NULL, NULL, NULL, NULL, '2025-04-24 15:16:32', '2025-04-24 15:16:32'),
	(116, 'COELLOEJ', 'EDWIN JOEL', 'COELLO YANEZ', NULL, NULL, NULL, NULL, NULL, 1, 'user', 'COELLOEJ@QUIRIQUIREGAS.COM', NULL, NULL, NULL, NULL, '2025-04-24 15:16:32', '2025-04-24 15:16:32'),
	(117, 'ejemplo', NULL, NULL, NULL, NULL, NULL, NULL, NULL, 1, 'user', 'ejemplo@test.com', '$2y$12$g.zW1DRtK90A5TiijNvEzOleZBH./AX38JagPrwhWF718mAiadpSG', NULL, NULL, NULL, '2025-04-24 15:25:44', '2025-04-24 15:25:44');

/*!40103 SET TIME_ZONE=IFNULL(@OLD_TIME_ZONE, 'system') */;
/*!40101 SET SQL_MODE=IFNULL(@OLD_SQL_MODE, '') */;
/*!40014 SET FOREIGN_KEY_CHECKS=IFNULL(@OLD_FOREIGN_KEY_CHECKS, 1) */;
/*!40101 SET CHARACTER_SET_CLIENT=@OLD_CHARACTER_SET_CLIENT */;
/*!40111 SET SQL_NOTES=IFNULL(@OLD_SQL_NOTES, 1) */;
